[{"titleQuery":"","commentQuery":"","typeQuery":"INSERT","stringQuery":"prefix dsp: <http://www.inrae.fr/DatasetProfiling/>\nprefix skos: <http://www.w3.org/2004/02/skos/core#>\nprefix skosXL: <http://www.w3.org/2008/05/skos-xl#>\nprefix vs: <http://www.w3.org/2003/06/sw-vocab-status/ns#>\nprefix dc: <http://purl.org/dc/elements/1.1/>\nprefix foaf: <http://xmlns.com/foaf/0.1/>\nprefix xsd: <http://www.w3.org/2001/XMLSchema#>\nprefix owl: <http://www.w3.org/2002/07/owl#>\nprefix dcterms: <http://purl.org/dc/terms/>\nprefix rdfs: <http://www.w3.org/2000/01/rdf-schema#>\nprefix rdf: <http://www.w3.org/1999/02/22-rdf-syntax-ns#>\nprefix geo: <http://www.opengis.net/ont/geosparql#>\nprefix geof: <http://www.opengis.net/def/function/geosparql/>\nprefix sf: <http://www.opengis.net/ont/sf#>\nprefix sosa: <http://www.w3.org/ns/sosa/>\nprefix ssn: <http://www.w3.org/ns/ssn/>\nprefix om: <http://www.ontology-of-units-of-measure.org/resource/om-2/>\nprefix time: <http://www.w3.org/2006/time#>\nprefix spatialF: <http://jena.apache.org/function/spatial#>\nprefix spatial: <http://jena.apache.org/spatial#>\nprefix wgs: <http://www.w3.org/2003/01/geo/wgs84_pos#>\nprefix sio: <http://semanticscience.org/resource/>\nprefix uom: <http://www.opengis.net/def/uom/OGC/1.0/>\nprefix bfo: <http://purl.obolibrary.org/obo/>\nprefix void: <http://rdfs.org/ns/void#>\nINSERT DATA {dsp:thisOntology dsp:hasNameSpace dsp:.}","idquery":0},{"titleQuery":"PROFILE OF A DATASET","commentQuery":"","typeQuery":"","stringQuery":"","idquery":0},{"titleQuery":"Number of triples","commentQuery":"Number of triples in the dataset.","typeQuery":"SELECT","stringQuery":"prefix dsp: <http://www.inrae.fr/DatasetProfiling/>\nprefix skos: <http://www.w3.org/2004/02/skos/core#>\nprefix skosXL: <http://www.w3.org/2008/05/skos-xl#>\nprefix vs: <http://www.w3.org/2003/06/sw-vocab-status/ns#>\nprefix dc: <http://purl.org/dc/elements/1.1/>\nprefix foaf: <http://xmlns.com/foaf/0.1/>\nprefix xsd: <http://www.w3.org/2001/XMLSchema#>\nprefix owl: <http://www.w3.org/2002/07/owl#>\nprefix dcterms: <http://purl.org/dc/terms/>\nprefix rdfs: <http://www.w3.org/2000/01/rdf-schema#>\nprefix rdf: <http://www.w3.org/1999/02/22-rdf-syntax-ns#>\nprefix geo: <http://www.opengis.net/ont/geosparql#>\nprefix geof: <http://www.opengis.net/def/function/geosparql/>\nprefix sf: <http://www.opengis.net/ont/sf#>\nprefix sosa: <http://www.w3.org/ns/sosa/>\nprefix ssn: <http://www.w3.org/ns/ssn/>\nprefix om: <http://www.ontology-of-units-of-measure.org/resource/om-2/>\nprefix time: <http://www.w3.org/2006/time#>\nprefix spatialF: <http://jena.apache.org/function/spatial#>\nprefix spatial: <http://jena.apache.org/spatial#>\nprefix wgs: <http://www.w3.org/2003/01/geo/wgs84_pos#>\nprefix sio: <http://semanticscience.org/resource/>\nprefix uom: <http://www.opengis.net/def/uom/OGC/1.0/>\nprefix bfo: <http://purl.obolibrary.org/obo/>\nprefix void: <http://rdfs.org/ns/void#>\nSELECT (?number AS ?Triples) WHERE {dsp:thisOntology dsp:numberOfTriples ?number.}","idquery":1}]